{"cameraMode":{"drawMode":0,"name":"Shaded","section":"Shading Mode"},"sceneLighting":true,"audioPlay":false,"sceneViewState":{"showFog":true,"showMaterialUpdate":false,"showSkybox":false,"showFlares":true,"showImageEffects":true,"showParticleSystems":true},"in2DMode":false,"pivot":{"x":-2.5471177101135256,"y":-10.580696105957032,"z":-13.89911937713623},"rotation":{"x":0.010369653813540936,"y":-0.9576706886291504,"z":0.2855824828147888,"w":0.03477063030004501},"size":10.0,"orthographic":false}